commit_count,avg_commit_message_length,commit_message_generic_score,code_comment_density,naming_convention_consistency,readme_complexity_score,ai_vocabulary_score,code_structure_uniformity,large_initial_commit,files_added_in_one_commit,label
356,71.05,0.1315,0.1406,0.548,0.3561,0.2749,0.5717,0,5,0
6,31.98,0.7546,0.5182,0.9262,0.8681,0.9363,0.9804,1,30,1
158,30.86,0.267,0.2099,0.7188,0.3031,0.0479,0.5868,0,6,0
3,42.55,0.7793,0.3607,0.9892,0.9735,0.622,0.9282,1,12,1
2,35.5,0.9491,0.5742,0.9927,0.9442,0.937,1.0,1,25,1
4,36.6,0.9058,0.3352,0.9318,0.9838,0.8416,0.8418,1,42,1
452,81.02,0.0322,0.0611,0.69,0.3004,0.0678,0.4665,0,7,0
3,39.97,0.9159,0.327,0.9542,0.8196,0.6238,0.89,1,21,1
2,22.6,0.8001,0.2822,0.9233,0.8486,0.7851,0.9837,1,16,1
471,80.08,0.3633,0.1022,0.6715,0.1967,0.2151,0.4295,0,8,0
492,71.28,0.309,0.0769,0.4935,0.6548,0.1455,0.6362,0,2,0
170,43.52,0.1296,0.102,0.3348,0.5953,0.2658,0.3624,0,8,0
157,43.28,0.0349,0.1733,0.482,0.272,0.152,0.6134,0,8,0
5,22.21,0.8958,0.5753,0.9232,0.8955,0.8787,0.9784,1,24,1
29,55.85,0.1315,0.1365,0.4069,0.3402,0.2978,0.3771,0,3,0
119,8.6,0.1927,0.1355,0.607,0.3211,0.2702,0.2886,0,2,0
4,38.4,0.8382,0.5766,0.926,0.9597,0.6366,1.0,0,34,1
167,18.35,0.0904,0.1982,0.747,0.4348,0.1082,0.2923,0,8,0
442,63.56,0.3297,0.0691,0.5181,0.567,0.0084,0.5413,0,4,0
7,23.29,0.938,0.6426,0.9249,0.9577,0.7818,0.9521,0,12,1
3,41.25,0.72,0.6476,0.8873,0.8501,0.6073,0.9791,1,44,1
220,26.6,0.0984,0.2013,0.4908,0.6322,0.2592,0.4202,0,6,0
2,27.63,0.7468,0.6646,0.9,0.9677,0.6688,0.9781,0,22,1
3,49.07,0.8921,0.6847,0.9467,0.7933,0.6853,0.8985,1,16,1
215,30.67,0.0673,0.0441,0.4311,0.5696,0.1377,0.5371,1,1,0
4,25.1,0.9724,0.4722,0.9076,1.0,0.9625,0.8726,1,35,1
99,35.19,0.3333,0.192,0.448,0.6491,0.1206,0.5849,0,8,0
5,32.97,0.8533,0.3807,0.9504,0.8208,0.6325,0.8987,1,12,1
4,26.86,0.9622,0.3612,0.9257,0.843,0.7388,0.9201,1,39,1
3,43.76,0.7885,0.5533,0.8212,0.894,0.8804,0.8264,1,41,1
2,21.02,0.939,0.3069,1.0,0.8674,0.8303,0.9506,1,46,1
3,41.65,0.9286,0.4271,0.8782,0.8362,0.9791,0.9968,1,26,1
1,46.49,0.7844,0.5157,0.9391,0.8712,0.7702,0.9719,1,12,1
4,41.24,0.774,0.4715,0.8816,0.9079,0.6926,0.9764,1,39,1
2,45.9,0.7689,0.3816,0.9003,0.8823,1.0,0.9398,1,45,1
4,23.49,0.8556,0.4482,0.9582,0.9166,0.9384,0.9643,1,36,1
123,57.84,0.1554,0.2553,0.7316,0.4947,0.0228,0.4992,0,8,0
262,31.21,0.3329,0.1937,0.5847,0.2319,0.0597,0.3616,0,6,0
39,25.87,0.3189,0.2042,0.5371,0.3249,0.3006,0.6287,0,6,0
217,34.19,0.3552,0.1244,0.3634,0.2414,0.1715,0.2688,1,9,0
3,30.59,0.9138,0.6906,0.9077,0.8748,0.7644,0.9174,1,24,1
3,47.17,0.7815,0.3916,0.8951,0.8504,0.6496,0.97,0,38,1
7,23.65,0.8856,0.3784,0.9723,0.9481,0.9036,1.0,1,25,1
3,38.61,0.9766,0.6819,0.9698,0.8004,0.6846,0.8583,1,44,1
67,17.71,0.2672,0.1935,0.5141,0.5321,0.2772,0.527,0,6,0
5,21.36,0.9129,0.4571,0.9063,0.8293,0.7881,0.8956,1,46,1
93,84.62,0.019,0.1478,0.4732,0.4294,0.0,0.3684,0,3,0
4,37.29,0.8571,0.3755,0.9506,0.8924,0.7945,0.8702,1,16,1
231,66.61,0.363,0.1216,0.5107,0.6323,0.2436,0.6331,0,3,0
1,40.72,0.7021,0.5999,0.9011,0.7974,0.8469,0.9735,1,40,1
186,45.5,0.0663,0.1247,0.6738,0.6101,0.2517,0.4643,0,5,0
4,50.2,0.8009,0.4011,0.9434,0.9846,0.8452,0.9429,1,45,1
485,62.8,0.0,0.1993,0.7494,0.3784,0.0848,0.5044,0,6,0
74,38.81,0.1648,0.2097,0.7748,0.3377,0.1644,0.5976,0,3,0
500,8.32,0.0897,0.2399,0.4411,0.49,0.2064,0.4775,0,3,0
144,58.92,0.301,0.2544,0.5259,0.3295,0.1963,0.3879,0,2,0
3,51.15,0.7734,0.6339,0.9403,0.9526,0.9175,0.9613,1,48,1
5,32.26,0.9306,0.5861,0.8586,0.8896,0.9689,0.8699,1,31,1
459,85.58,0.3663,0.0583,0.3272,0.6561,0.3001,0.4166,0,6,0
5,40.31,0.9223,0.414,0.9938,0.9603,0.9141,0.9406,1,31,1
283,59.91,0.4383,0.2541,0.4435,0.5182,0.1153,0.5518,0,1,0
3,41.27,0.9975,0.4143,0.9035,0.9373,0.5788,0.9284,0,27,1
5,40.73,0.8937,0.2966,0.8598,0.8146,0.7248,0.8943,1,25,1
340,81.09,0.2978,0.1717,0.5122,0.3774,0.316,0.3793,0,8,0
45,48.35,0.1631,0.2348,0.6011,0.3723,0.1356,0.6696,0,6,0
470,16.07,0.0494,0.1529,0.6041,0.5328,0.0,0.3432,0,7,0
452,23.98,0.377,0.0477,0.6364,0.6639,0.1708,0.2981,0,1,0
3,47.48,0.9199,0.3255,0.9515,0.8552,0.9382,0.8919,1,50,1
6,28.14,0.9583,0.5004,0.9489,0.8668,0.7288,0.8839,1,48,1
155,8.79,0.3164,0.1758,0.5071,0.2407,0.167,0.4251,0,4,0
485,55.31,0.0615,0.0301,0.3749,0.1957,0.0621,0.338,0,10,0
1,27.07,0.8006,0.3906,0.9267,0.8438,0.7713,0.9313,1,50,1
419,75.98,0.0,0.2004,0.6145,0.1985,0.0813,0.3712,0,10,0
250,47.68,0.2699,0.1163,0.6108,0.2698,0.1145,0.5999,0,8,0
3,36.5,0.825,0.4624,0.9805,0.8047,0.8237,0.976,1,40,1
290,19.63,0.2893,0.2436,0.3439,0.2788,0.2198,0.3263,0,8,0
312,7.64,0.2059,0.1724,0.5656,0.5172,0.291,0.3487,0,5,0
2,35.04,0.8305,0.3449,0.9632,0.8313,0.6197,0.9947,1,42,1
451,7.16,0.2417,0.2562,0.444,0.352,0.0262,0.5162,0,10,0
34,21.58,0.0672,0.1055,0.5362,0.2454,0.0863,0.4423,0,9,0
460,63.21,0.3792,0.0821,0.568,0.3833,0.2086,0.3734,0,5,0
226,73.3,0.3531,0.1285,0.3436,0.6039,0.1792,0.3641,0,7,0
223,21.19,0.1042,0.0863,0.6846,0.3582,0.0157,0.5333,0,5,0
4,40.19,0.8535,0.5405,0.8878,0.9381,0.7421,0.9507,1,23,1
158,13.06,0.0428,0.1247,0.498,0.4361,0.0277,0.3998,0,1,0
320,25.08,0.0302,0.1457,0.3968,0.3744,0.2382,0.3919,0,5,0
1,35.61,0.9983,0.4782,0.9363,0.8944,0.6587,0.9825,1,15,1
3,37.3,0.9512,0.3946,0.9682,0.991,0.6715,0.916,1,50,1
5,21.74,0.8866,0.4409,0.8605,0.8881,0.7468,0.9684,1,31,1
401,54.29,0.218,0.1305,0.5198,0.2544,0.0365,0.4894,0,1,0
306,61.63,0.0297,0.2067,0.3592,0.3274,0.1144,0.6342,0,6,0
464,34.92,0.1554,0.1928,0.29,0.3502,0.0668,0.546,0,5,0
50,18.29,0.1957,0.1422,0.4774,0.5862,0.1057,0.5573,0,10,0
5,36.63,0.9372,0.2921,1.0,0.8728,0.9205,0.9482,1,21,1
251,56.52,0.2443,0.1421,0.5612,0.3663,0.2692,0.6154,0,3,0
76,50.91,0.3443,0.2361,0.4504,0.4877,0.2049,0.3451,1,4,0
2,32.08,0.738,0.4878,0.8823,0.9325,0.9812,0.9428,1,43,1
6,22.08,0.7417,0.4674,0.8798,0.9174,0.8671,0.9784,1,48,1
3,38.27,0.9815,0.6071,0.9397,0.8271,0.7135,0.9948,1,30,1
122,73.24,0.0286,0.1376,0.5876,0.2743,0.0491,0.3817,0,1,0
106,71.81,0.1027,0.0869,0.7699,0.5091,0.0735,0.3361,0,3,0
2,49.81,0.8801,0.5772,0.8289,0.8891,0.8805,0.955,1,26,1
2,33.21,0.778,0.4773,0.9089,0.9718,0.6351,0.913,1,15,1
2,29.64,0.8242,0.4718,0.955,0.7779,0.8658,0.9145,1,10,1
178,25.26,0.1135,0.1335,0.551,0.4227,0.3102,0.336,0,4,0
1,27.91,0.9669,0.3295,0.9793,0.9266,0.8018,0.9315,1,39,1
6,39.16,0.8671,0.6813,0.9855,0.8253,0.6179,0.899,1,30,1
130,73.95,0.202,0.0863,0.3628,0.5799,0.0379,0.4294,0,2,0
4,37.52,0.9723,0.395,0.8786,0.9201,0.8008,0.8704,1,14,1
286,55.47,0.1118,0.2248,0.5715,0.3374,0.0119,0.5772,0,3,0
6,38.48,0.8078,0.293,0.9723,0.9432,0.6438,0.9108,1,20,1
360,42.61,0.0856,0.0625,0.5929,0.5536,0.0401,0.6347,0,4,0
301,46.9,0.3491,0.1177,0.4591,0.5675,0.1751,0.6329,0,5,0
6,22.12,0.7608,0.5458,0.9573,0.9201,0.8825,0.8362,1,31,1
5,40.5,0.6886,0.4419,0.8394,0.8762,0.8663,0.8489,1,19,1
415,61.16,0.2132,0.2574,0.5051,0.6276,0.0,0.5062,0,6,0
251,50.63,0.0193,0.2248,0.5098,0.5434,0.0011,0.3749,0,4,0
2,24.86,0.7854,0.5141,0.9755,0.9178,0.8519,0.8538,1,47,1
481,12.68,0.0248,0.2285,0.6141,0.6066,0.2233,0.5163,0,8,0
348,30.95,0.315,0.0942,0.5057,0.47,0.211,0.6022,0,1,0
321,41.78,0.3057,0.1869,0.6553,0.2327,0.2894,0.4941,0,9,0
476,61.93,0.1689,0.234,0.4761,0.4916,0.1052,0.3549,1,7,0
3,41.53,0.9363,0.5107,0.8794,0.8321,0.6215,0.9249,1,11,1
435,57.24,0.2525,0.2205,0.4953,0.1735,0.0998,0.6261,0,4,0
23,51.69,0.0289,0.1443,0.5458,0.4377,0.0872,0.4839,0,6,0
125,68.0,0.2685,0.0906,0.3295,0.5433,0.1025,0.434,0,3,0
4,30.05,0.8641,0.5493,0.94,0.9587,0.7915,0.9151,1,37,1
2,23.54,0.9109,0.6636,0.9046,0.8623,0.8098,0.9709,1,48,1
163,20.91,0.1579,0.1774,0.6307,0.6612,0.0019,0.4485,0,2,0
2,27.95,0.8536,0.2852,0.9072,0.8549,0.6418,0.8795,0,10,1
3,40.72,0.8046,0.4072,0.8557,0.8593,0.6602,0.8889,0,17,1
1,27.31,0.7167,0.3919,0.9361,0.8923,0.8334,0.9367,1,13,1
371,42.14,0.2164,0.0923,0.5638,0.514,0.0894,0.3879,0,3,0
5,33.65,0.763,0.5013,0.9384,0.851,0.7081,0.8996,1,47,1
6,35.09,0.777,0.4067,0.8957,0.9345,0.7625,0.998,1,19,1
4,33.27,0.8589,0.5391,0.9041,0.8575,0.9871,0.9124,1,19,1
118,54.59,0.0394,0.0424,0.6075,0.4717,0.0619,0.454,0,1,0
3,25.6,0.8268,0.3914,0.9839,0.9763,0.6702,1.0,0,24,1
6,28.9,0.9995,0.3551,0.924,0.9662,0.7842,0.8921,1,20,1
5,43.07,0.8405,0.3456,0.9122,0.9825,0.8023,1.0,1,37,1
78,67.28,0.0,0.1635,0.4153,0.603,0.2234,0.5039,0,8,0
7,48.56,0.8119,0.5007,0.9518,0.8405,0.8847,0.8953,1,32,1
6,49.38,0.965,0.5258,0.9,0.8357,0.684,0.9804,1,20,1
6,42.45,0.7521,0.6317,0.9758,0.8154,0.7669,0.9542,1,45,1
7,33.91,1.0,0.3862,0.9713,0.8615,0.9535,1.0,1,20,1
470,38.34,0.0537,0.2131,0.6809,0.5334,0.0981,0.407,0,7,0
363,66.67,0.3119,0.097,0.4283,0.5258,0.0751,0.3924,0,7,0
5,42.4,0.8183,0.4845,1.0,0.8968,0.8718,0.9353,1,15,1
6,29.54,0.862,0.6237,0.8804,0.9936,0.9888,1.0,1,26,1
462,62.44,0.0407,0.1201,0.4409,0.4974,0.0786,0.6447,0,6,0
208,26.44,0.2518,0.0962,0.3561,0.3072,0.0869,0.7082,0,7,0
5,42.88,1.0,0.3804,0.8886,0.8141,0.7852,0.9422,1,49,1
138,51.65,0.2383,0.2021,0.5119,0.2585,0.1179,0.705,0,6,0
147,27.73,0.4036,0.082,0.3626,0.5134,0.2371,0.6271,0,8,0
93,68.11,0.3299,0.1763,0.7162,0.2539,0.2904,0.4618,0,1,0
352,46.92,0.1071,0.0823,0.2886,0.544,0.2132,0.4189,0,2,0
223,49.18,0.4334,0.1889,0.7807,0.3671,0.1398,0.5793,0,6,0
500,18.15,0.0,0.1251,0.6318,0.466,0.307,0.4376,0,4,0
319,77.01,0.2595,0.1954,0.3503,0.2667,0.2918,0.7392,0,5,0
7,40.5,0.7895,0.5835,0.9912,0.8703,0.6755,0.9545,1,20,1
298,50.87,0.3281,0.2399,0.3946,0.3095,0.147,0.5856,0,7,0
70,41.22,0.0219,0.267,0.5006,0.6224,0.1417,0.5363,1,6,0
47,52.83,0.2847,0.1432,0.3395,0.3903,0.185,0.415,0,3,0
7,37.75,0.7256,0.5294,0.9105,0.7909,0.8555,0.8549,0,27,1
138,64.49,0.3026,0.0758,0.5465,0.57,0.1243,0.7141,0,1,0
218,48.84,0.2412,0.2485,0.475,0.2718,0.2069,0.4657,0,8,0
4,34.38,0.8426,0.41,0.9245,0.9353,0.595,0.9343,1,20,1
5,49.78,0.7442,0.561,1.0,1.0,0.6949,0.9448,1,27,1
352,21.01,0.0677,0.0768,0.5961,0.4734,0.1026,0.33,0,5,0
97,67.01,0.3597,0.2024,0.6329,0.5937,0.0595,0.3028,0,1,0
3,49.87,0.9005,0.6171,0.9268,0.879,0.6688,0.8822,1,38,1
29,80.25,0.1321,0.0571,0.5891,0.3791,0.063,0.5646,0,2,0
122,74.31,0.4057,0.0567,0.4614,0.3201,0.285,0.5515,0,7,0
53,23.69,0.1619,0.1839,0.4477,0.1663,0.2662,0.392,0,5,0
5,47.65,0.9443,0.5967,0.839,0.979,0.9733,0.9658,1,25,1
159,51.0,0.0876,0.1643,0.6985,0.3925,0.0381,0.4478,0,8,0
4,23.15,0.8504,0.468,0.8549,0.8488,0.821,0.9526,1,46,1
6,39.12,0.8174,0.3769,0.9167,0.8097,0.8253,1.0,1,25,1
437,75.14,0.2226,0.1124,0.439,0.63,0.2953,0.3792,0,2,0
2,45.85,0.8099,0.3822,1.0,0.9771,0.9786,0.8863,1,25,1
5,51.32,0.8167,0.4549,1.0,0.9313,0.7141,0.9855,1,41,1
119,74.45,0.2244,0.1774,0.6711,0.4483,0.0,0.5054,0,7,0
3,48.15,0.7248,0.3717,0.9814,0.8812,0.9183,0.9715,1,30,1
360,50.19,0.2214,0.2388,0.527,0.621,0.1405,0.3913,0,7,0
4,18.98,0.8253,0.536,0.8833,0.8379,0.8806,0.9137,1,46,1
480,60.73,0.1669,0.1148,0.6382,0.6151,0.2433,0.3712,0,7,0
4,23.69,0.9829,0.3616,0.8891,0.8419,0.9724,0.8426,1,20,1
5,31.18,0.6975,0.4643,0.9414,0.915,0.6105,0.8892,1,12,1
2,39.63,0.8644,0.6087,0.984,0.9237,0.8393,0.9728,1,20,1
3,39.82,0.9254,0.5907,0.9765,0.914,0.7843,0.9271,1,35,1
3,24.99,1.0,0.6413,0.9004,0.9496,1.0,0.8765,1,15,1
170,45.12,0.021,0.1577,0.707,0.6221,0.2581,0.354,1,4,0
5,38.1,0.8774,0.6502,0.9365,0.8929,0.7016,0.9286,1,44,1
4,33.86,0.7981,0.477,0.8958,0.8409,0.8267,0.8414,1,18,1
5,32.04,0.7613,0.5423,0.9954,0.9426,0.8742,0.9119,0,41,1
5,42.9,0.7445,0.6373,0.8697,0.8686,1.0,0.9389,1,33,1
3,30.25,0.8188,0.4349,0.8903,0.8866,0.764,0.8655,1,38,1
187,44.23,0.3478,0.1836,0.5838,0.3911,0.2103,0.5621,0,2,0
7,26.51,0.737,0.707,0.9483,0.9907,0.6448,0.8787,1,46,1
40,45.4,0.3542,0.1744,0.735,0.632,0.1273,0.5686,0,5,0
383,47.2,0.265,0.245,0.399,0.192,0.15,0.572,0,7,0
58,67.2,0.256,0.17,0.637,0.534,0.009,0.664,0,5,0
297,53.2,0.391,0.118,0.299,0.557,0.057,0.412,0,8,0
191,77.5,0.293,0.301,0.443,0.288,0.119,0.614,1,7,0
141,81.4,0.248,0.146,0.714,0.522,0.038,0.228,0,5,0
2,38.7,0.769,0.322,0.923,1.0,0.662,0.907,1,18,1
321,13.4,0.217,0.215,0.416,0.402,0.269,0.269,1,4,0
381,50.3,0.191,0.214,0.661,0.292,0.068,0.538,0,6,0
1,28.6,1.0,0.626,0.992,0.954,0.818,0.938,1,10,1
492,62.6,0.282,0.157,0.68,0.502,0.033,0.816,0,4,0
4,31.2,0.811,0.554,0.871,0.926,0.763,0.97,1,19,1
5,44.9,0.718,0.534,0.886,0.952,1.0,0.993,1,30,1
2,33.7,0.855,0.346,0.951,0.906,0.672,0.962,1,29,1
3,36.6,0.903,0.475,0.9,0.808,0.797,0.992,1,22,1
193,39.9,0.192,0.137,0.634,0.213,0.144,0.483,0,1,0
168,68.5,0.316,0.215,0.596,0.329,0.179,0.477,0,4,0
2,29.8,0.662,0.658,0.936,0.869,1.0,0.892,1,47,1
4,30.3,0.759,0.653,0.964,0.961,0.718,0.948,1,50,1
130,87.1,0.387,0.242,0.49,0.56,0.0,0.656,0,1,0
339,65.6,0.398,0.154,0.394,0.413,0.263,0.439,0,2,0
41,45.7,0.14,0.17,0.647,0.221,0.237,0.425,0,5,0
4,37.2,0.715,0.58,0.85,0.89,0.668,0.962,1,24,1
4,26.7,0.861,0.463,0.778,0.98,0.686,0.956,1,41,1
4,39.8,0.737,0.324,0.984,0.825,0.784,0.933,1,25,1
1,44.3,0.955,0.608,0.909,0.97,0.618,0.855,1,34,1
4,21.0,0.878,0.377,0.927,0.934,0.821,0.974,1,34,1
137,52.1,0.339,0.14,0.333,0.27,0.269,0.64,0,4,0
205,82.5,0.467,0.164,0.315,0.438,0.095,0.582,0,5,0
148,68.1,0.024,0.102,0.704,0.523,0.178,0.471,0,7,0
4,24.2,0.878,0.365,1.0,1.0,0.706,0.942,1,28,1
51,90.1,0.255,0.148,0.512,0.225,0.136,0.62,0,5,0
133,74.5,0.157,0.262,0.515,0.308,0.296,0.714,0,3,0
4,43.8,0.866,0.643,0.951,0.817,0.743,0.881,1,32,1
5,48.0,0.955,0.439,0.933,0.921,0.814,0.914,1,49,1
5,43.0,0.825,0.612,0.965,1.0,0.762,0.882,1,17,1
190,36.5,0.259,0.156,0.588,0.242,0.097,0.337,0,6,0
1,27.6,0.945,0.654,0.949,1.0,0.852,0.846,1,43,1
416,5.0,0.158,0.132,0.374,0.424,0.195,0.357,0,2,0
4,33.2,0.824,0.338,0.988,0.846,0.994,0.997,1,18,1
300,29.0,0.012,0.091,0.405,0.471,0.078,0.36,1,4,0
248,34.9,0.091,0.069,0.664,0.225,0.204,0.592,0,7,0
455,28.8,0.108,0.206,0.544,0.58,0.108,0.381,0,6,0
3,40.6,0.833,0.686,0.94,0.974,0.712,0.952,1,20,1
1,39.4,1.0,0.425,0.899,0.914,0.605,0.836,1,30,1
5,31.0,0.959,0.741,0.974,0.985,0.67,0.94,1,49,1
4,24.2,0.886,0.483,0.926,0.86,0.761,0.895,1,20,1
107,65.3,0.29,0.144,0.362,0.377,0.207,0.392,1,8,0
4,24.6,0.905,0.462,0.852,0.811,0.886,0.96,1,11,1
1,37.4,0.866,0.335,0.99,0.89,0.921,0.906,1,50,1
468,20.6,0.302,0.088,0.434,0.294,0.024,0.634,0,5,0
2,33.1,0.859,0.555,1.0,0.875,1.0,0.825,1,13,1
2,20.0,0.796,0.536,0.86,0.877,0.785,0.897,1,49,1
1,29.0,0.772,0.514,0.966,0.772,0.901,0.887,1,24,1
302,36.5,0.164,0.151,0.601,0.277,0.071,0.549,0,8,0
297,57.6,0.278,0.273,0.766,0.493,0.05,0.466,1,6,0
4,32.5,0.835,0.365,0.885,0.907,1.0,0.89,1,44,1
147,42.3,0.11,0.233,0.346,0.555,0.259,0.378,0,1,0
3,29.5,1.0,0.541,0.842,0.855,0.884,0.949,1,17,1
210,40.4,0.336,0.26,0.563,0.2,0.134,0.589,0,3,0
29,19.8,0.183,0.064,0.401,0.61,0.175,0.448,0,5,0
288,34.5,0.411,0.074,0.718,0.35,0.156,0.608,0,4,0
3,29.7,0.877,0.377,0.903,0.809,0.795,0.879,1,41,1
314,17.3,0.362,0.005,0.478,0.526,0.076,0.628,0,7,0
3,33.9,0.682,0.305,0.92,0.85,0.923,1.0,1,38,1
5,29.1,0.917,0.585,0.962,1.0,0.816,0.933,1,47,1
407,66.1,0.006,0.135,0.39,0.695,0.247,0.432,0,5,0
5,41.7,0.636,0.581,0.918,0.939,0.799,0.875,1,45,1
5,37.1,0.748,0.459,0.856,1.0,0.615,1.0,1,18,1
2,39.2,0.976,0.345,0.897,0.819,0.863,0.912,1,26,1
4,32.8,0.759,0.532,0.866,0.956,0.789,0.955,1,20,1
3,24.1,0.946,0.55,0.988,0.913,0.622,0.961,1,26,1
1,36.9,0.77,0.433,0.879,0.972,0.721,0.891,1,17,1
2,26.0,0.736,0.475,0.882,0.807,1.0,0.96,1,49,1
1,40.2,0.64,0.444,0.937,0.949,0.85,0.927,1,46,1
1,38.2,0.86,0.732,0.929,0.766,0.779,0.948,0,24,1
2,42.6,0.914,0.786,0.969,0.891,0.645,0.916,0,38,1
3,39.2,0.768,0.432,0.844,0.867,0.749,0.964,1,41,1
1,20.5,0.962,0.468,0.942,0.979,0.669,0.908,1,41,1
222,68.2,0.128,0.041,0.406,0.313,0.189,0.462,1,3,0
424,64.3,0.39,0.098,0.64,0.218,0.199,0.36,0,1,0
232,47.8,0.045,0.114,0.75,0.458,0.026,0.507,0,2,0
3,40.8,0.636,0.644,0.946,0.791,0.631,0.895,1,32,1
22,77.0,0.252,0.187,0.571,0.334,0.1,0.614,0,8,0
5,20.0,0.828,0.662,0.969,0.791,1.0,0.992,1,38,1
4,26.4,0.929,0.384,0.931,0.799,0.837,0.938,1,30,1
304,14.4,0.148,0.13,0.625,0.586,0.047,0.444,0,3,0
2,37.6,0.897,0.403,0.977,0.8,0.828,0.928,0,50,1
450,36.7,0.386,0.189,0.391,0.583,0.089,0.505,0,5,0
2,44.8,0.907,0.614,0.839,0.837,0.896,0.917,1,33,1
5,31.0,0.97,0.614,0.99,0.963,0.526,1.0,1,40,1
432,34.1,0.271,0.103,0.635,0.388,0.161,0.504,0,7,0
254,40.6,0.182,0.181,0.465,0.346,0.0,0.575,0,8,0
69,41.5,0.017,0.052,0.416,0.369,0.245,0.534,1,5,0
132,30.5,0.11,0.086,0.407,0.404,0.039,0.521,0,8,0
208,71.0,0.109,0.091,0.618,0.228,0.195,0.599,0,3,0
334,70.4,0.279,0.085,0.544,0.608,0.299,0.368,0,3,0
287,77.9,0.077,0.172,0.432,0.687,0.0,0.675,0,6,0
2,21.4,0.801,0.38,0.988,0.894,0.672,0.931,1,19,1
372,22.0,0.15,0.129,0.463,0.299,0.29,0.547,1,2,0
48,67.9,0.259,0.087,0.54,0.469,0.082,0.423,0,6,0
252,61.9,0.361,0.185,0.573,0.269,0.265,0.447,1,3,0
63,87.3,0.078,0.102,0.529,0.565,0.298,0.362,0,6,0
42,29.2,0.329,0.063,0.7,0.525,0.19,0.701,0,3,0
243,47.4,0.286,0.142,0.57,0.363,0.234,0.492,0,2,0
5,23.3,0.99,0.538,0.899,0.824,0.642,0.972,0,22,1
4,29.9,0.842,0.592,0.876,0.941,0.98,0.922,1,26,1
480,90.5,0.247,0.078,0.616,0.427,0.019,0.497,0,1,0
3,47.3,0.819,0.412,0.887,0.913,0.865,0.934,1,41,1
257,46.3,0.376,0.166,0.404,0.367,0.219,0.655,0,7,0
2,46.9,0.74,0.593,0.869,0.808,0.542,0.866,1,34,1
3,35.5,0.811,0.711,0.855,0.886,0.955,0.885,1,17,1
5,26.5,0.731,0.497,0.99,0.99,0.882,0.875,1,32,1
37,37.5,0.23,0.199,0.252,0.369,0.051,0.594,0,1,0
138,46.4,0.008,0.082,0.442,0.384,0.187,0.661,0,1,0
379,55.5,0.18,0.171,0.274,0.551,0.06,0.513,0,4,0
170,18.4,0.175,0.241,0.291,0.34,0.187,0.358,0,1,0
1,24.5,0.923,0.468,0.863,0.942,0.654,0.965,1,37,1
2,41.6,0.677,0.213,0.866,0.786,0.751,0.881,1,30,1
482,24.5,0.365,0.147,0.649,0.717,0.264,0.644,0,8,0
2,34.7,0.688,0.518,0.888,0.917,0.746,0.966,1,33,1
485,82.8,0.219,0.258,0.446,0.601,0.241,0.556,0,3,0
5,47.7,0.891,0.4,0.93,0.919,0.889,0.967,1,36,1
492,34.0,0.289,0.192,0.467,0.261,0.035,0.436,0,1,0
5,42.2,0.741,0.477,0.97,0.793,0.84,0.953,1,37,1
4,48.4,0.861,0.537,0.855,0.991,0.788,0.896,1,17,1
411,75.3,0.149,0.123,0.334,0.509,0.0,0.49,0,6,0
2,25.8,0.72,0.581,0.949,1.0,0.679,0.879,1,43,1
2,30.4,0.895,0.515,0.925,0.892,0.879,0.882,1,45,1
1,36.1,0.903,0.614,0.873,0.772,0.905,0.833,1,40,1
169,76.3,0.091,0.206,0.373,0.481,0.035,0.345,0,6,0
5,28.2,0.86,0.587,0.886,0.903,0.614,1.0,1,37,1
353,59.9,0.014,0.143,0.67,0.466,0.072,0.553,0,4,0
1,45.1,0.738,0.56,0.917,0.842,0.691,0.974,1,22,1
154,58.7,0.146,0.189,0.609,0.5,0.181,0.646,0,8,0
1,24.1,0.972,0.682,0.996,0.964,0.92,0.854,1,14,1
1,43.7,0.937,0.455,0.918,0.952,0.539,0.959,1,11,1
381,68.7,0.0,0.223,0.632,0.279,0.346,0.411,0,1,0
1,33.8,0.81,0.295,0.859,0.903,0.862,1.0,1,24,1
386,83.1,0.204,0.136,0.456,0.575,0.0,0.625,0,6,0
275,56.8,0.045,0.248,0.599,0.548,0.23,0.575,0,6,0
395,13.1,0.05,0.121,0.722,0.303,0.17,0.525,0,6,0
1,26.0,0.834,0.319,0.885,0.965,0.881,0.963,1,33,1
433,6.2,0.073,0.22,0.689,0.346,0.07,0.549,1,2,0
2,21.8,0.778,0.497,0.924,0.847,0.687,0.915,1,40,1
3,47.5,0.985,0.505,0.878,0.893,0.768,0.918,1,10,1
280,53.6,0.332,0.123,0.632,0.415,0.215,0.343,0,6,0
255,54.2,0.229,0.212,0.638,0.529,0.099,0.359,1,5,0
105,64.9,0.096,0.116,0.44,0.185,0.251,0.647,0,7,0
4,26.5,0.872,0.259,1.0,0.995,0.92,0.905,1,42,1
4,47.0,0.746,0.611,0.945,0.892,1.0,0.911,1,10,1
3,30.2,0.863,0.628,1.0,0.977,0.706,0.95,1,26,1
2,31.0,1.0,0.551,0.812,0.903,0.557,1.0,1,27,1
5,31.1,0.984,0.517,0.906,0.895,0.963,0.805,1,23,1
2,48.2,0.981,0.355,0.935,0.949,0.944,0.86,1,14,1
4,49.8,0.765,0.414,0.906,0.889,0.833,0.86,1,44,1
91,23.9,0.142,0.247,0.52,0.225,0.061,0.605,0,4,0
243,60.0,0.391,0.143,0.385,0.281,0.06,0.616,0,8,0
4,30.7,0.954,0.549,0.961,0.896,0.883,1.0,1,28,1
4,25.3,0.78,0.54,1.0,0.888,0.731,0.948,1,39,1
426,60.9,0.029,0.169,0.29,0.604,0.082,0.671,0,7,0
168,71.6,0.323,0.149,0.569,0.621,0.183,0.667,0,6,0
4,41.4,0.923,0.361,0.949,0.967,0.998,1.0,1,16,1
487,66.3,0.379,0.162,0.394,0.514,0.23,0.413,1,8,0
373,24.2,0.411,0.208,0.547,0.186,0.171,0.421,0,4,0
424,29.3,0.235,0.071,0.681,0.436,0.05,0.436,0,8,0
5,47.9,0.808,0.573,0.903,0.954,0.907,0.962,1,45,1
3,26.9,0.901,0.487,0.941,0.931,0.718,0.872,1,14,1
454,86.6,0.31,0.184,0.333,0.442,0.139,0.545,0,3,0
277,75.5,0.506,0.189,0.729,0.426,0.17,0.368,0,5,0
22,24.0,0.129,0.106,0.544,0.427,0.234,0.581,0,4,0
38,57.4,0.262,0.035,0.504,0.679,0.0,0.635,1,1,0
127,14.5,0.322,0.152,0.39,0.294,0.168,0.607,0,5,0
1,32.8,0.753,0.578,0.923,0.837,0.878,0.843,1,21,1
3,45.2,0.799,0.636,0.899,0.869,0.767,0.902,1,19,1
3,21.4,0.746,0.626,0.914,0.986,0.973,0.898,1,26,1
163,81.2,0.09,0.259,0.56,0.308,0.012,0.582,0,2,0
143,20.2,0.37,0.054,0.484,0.193,0.15,0.44,0,7,0
4,50.5,0.984,0.632,0.953,0.905,0.867,0.92,1,14,1
367,9.8,0.27,0.118,0.408,0.159,0.296,0.682,1,6,0
5,47.2,0.857,0.345,0.934,0.817,0.74,0.954,1,50,1
241,43.0,0.36,0.013,0.54,0.358,0.307,0.566,0,1,0
2,29.8,0.763,0.56,1.0,0.9,0.797,0.958,0,19,1
114,16.8,0.0,0.11,0.627,0.668,0.12,0.606,0,6,0
203,44.4,0.14,0.076,0.348,0.604,0.099,0.253,0,3,0
5,47.1,0.879,0.701,0.962,0.923,0.881,0.957,1,11,1
307,23.6,0.119,0.072,0.577,0.655,0.137,0.257,0,4,0
4,27.5,0.721,0.574,0.899,1.0,0.735,0.889,1,17,1
3,38.0,0.846,0.243,0.893,0.86,0.593,0.98,1,50,1
123,48.4,0.32,0.107,0.589,0.242,0.282,0.407,0,7,0
49,36.7,0.0,0.081,0.4,0.533,0.183,0.323,1,5,0
4,34.6,0.737,0.651,0.892,0.925,0.909,0.94,1,31,1
232,11.3,0.187,0.068,0.541,0.277,0.236,0.312,0,7,0
5,35.6,0.901,0.378,0.875,0.884,0.837,0.895,1,12,1
2,35.1,0.793,0.682,0.924,0.905,0.9,0.84,1,41,1
482,45.6,0.261,0.172,0.322,0.455,0.175,0.481,0,8,0
4,22.9,0.84,0.547,0.902,0.933,1.0,0.881,1,49,1
364,75.6,0.287,0.2,0.411,0.249,0.219,0.325,1,4,0
145,38.8,0.238,0.105,0.476,0.682,0.133,0.626,1,7,0
440,61.4,0.093,0.209,0.72,0.452,0.039,0.63,0,8,0
155,37.6,0.21,0.131,0.687,0.435,0.054,0.717,1,7,0
4,32.26,0.976,0.556,0.923,0.879,0.611,0.858,1,30,1
1,48.95,0.846,0.579,0.943,0.965,0.628,0.947,1,22,1
2,26.89,0.889,0.471,0.946,0.81,0.679,1.0,1,19,1
3,49.89,0.818,0.467,0.913,0.999,0.642,0.929,1,25,1
2,29.67,0.725,0.631,0.92,0.974,0.868,0.996,1,31,1
3,24.0,0.749,0.514,0.926,0.811,0.622,0.9,1,12,1
2,26.88,0.907,0.425,0.873,0.877,0.621,0.948,1,32,1
4,36.15,0.897,0.659,0.925,0.953,0.816,0.868,1,42,1
5,21.59,0.761,0.588,0.919,0.987,0.814,0.853,0,32,1
2,37.08,0.958,0.588,0.902,0.947,0.832,0.944,0,43,1
3,49.29,0.917,0.616,0.889,0.93,0.757,0.954,1,42,1
4,27.45,0.787,0.339,0.935,0.971,0.68,0.891,0,24,1
2,39.88,0.802,0.698,0.917,0.942,0.917,0.877,0,42,1
5,49.1,0.829,0.6,0.949,0.98,0.667,0.918,1,29,1
2,43.89,0.736,0.33,0.904,0.814,0.821,0.886,0,25,1
3,32.02,0.77,0.384,0.982,0.903,0.906,0.887,1,38,1
1,45.34,0.885,0.546,0.925,0.801,0.819,0.944,1,28,1
4,31.11,0.768,0.469,0.994,0.863,0.969,0.944,1,24,1
2,45.79,0.813,0.597,0.916,0.927,0.634,0.951,1,37,1
3,31.49,0.717,0.695,0.869,0.982,0.661,0.853,1,23,1
4,43.86,0.89,0.537,0.853,0.911,0.731,0.987,0,32,1
3,29.78,0.959,0.529,0.933,0.897,0.769,0.873,1,14,1
1,34.13,0.868,0.599,0.875,0.953,0.846,0.924,1,25,1
2,43.52,0.915,0.605,0.868,0.972,0.742,0.91,1,34,1
3,30.5,0.709,0.463,0.897,0.886,0.967,0.987,1,48,1
4,41.55,0.829,0.382,0.889,0.986,0.663,0.955,1,29,1
5,47.15,0.762,0.533,0.864,0.972,0.8,0.932,1,10,1
2,41.34,0.985,0.359,0.962,0.874,0.614,0.869,1,10,1
2,43.84,0.732,0.417,0.95,0.965,0.614,0.968,1,27,1
4,41.06,0.724,0.646,0.872,0.913,0.674,0.913,0,49,1
4,35.22,0.874,0.484,0.946,0.829,0.73,0.916,1,11,1
5,33.0,0.912,0.431,0.986,0.946,0.732,0.939,1,30,1
2,35.92,0.991,0.561,0.96,0.938,0.656,0.978,1,21,1
2,34.96,0.918,0.493,0.867,0.999,0.761,0.864,1,13,1
2,38.91,0.89,0.574,0.967,0.86,0.822,0.986,1,36,1
4,37.47,0.829,0.419,0.867,0.96,0.652,0.909,0,43,1
3,20.04,0.837,0.443,0.933,0.878,0.691,0.884,1,19,1
3,39.99,0.881,0.691,0.934,0.912,0.66,0.893,0,16,1
2,38.29,0.79,0.528,0.869,0.889,0.908,0.96,1,21,1
1,36.99,0.729,0.597,0.9,0.939,0.718,0.942,1,23,1
4,44.87,0.747,0.378,0.909,0.828,0.805,0.951,1,21,1
4,39.84,0.894,0.39,0.932,0.934,0.934,0.956,1,16,1
4,24.1,0.811,0.313,0.867,0.945,0.904,0.938,1,15,1
2,42.06,0.745,0.643,0.997,0.924,0.816,0.96,1,30,1
4,29.83,0.743,0.375,0.899,0.945,0.891,0.986,1,12,1
4,48.04,0.868,0.627,0.945,0.874,0.705,0.978,1,22,1
2,38.76,0.851,0.53,0.864,0.942,0.993,0.955,1,30,1
2,20.66,0.761,0.447,0.939,0.913,0.743,0.965,0,41,1
2,36.13,0.832,0.416,0.876,0.805,0.781,0.906,1,15,1
2,29.69,0.767,0.462,0.891,0.918,0.971,0.921,1,42,1
4,43.69,0.773,0.609,0.862,0.914,0.869,0.905,1,49,1
4,41.51,0.785,0.599,1.0,0.952,0.957,0.926,1,32,1
2,32.27,0.718,0.682,0.9,0.936,0.623,0.953,1,22,1
2,26.62,0.763,0.307,0.92,0.973,0.847,0.961,1,37,1
4,25.79,0.748,0.368,0.879,0.858,0.888,0.913,1,39,1
5,49.65,0.875,0.429,0.937,0.865,0.735,0.896,1,17,1
2,45.57,0.94,0.317,0.885,0.933,0.827,0.929,1,27,1
3,49.17,0.821,0.584,0.981,0.803,0.864,0.994,1,38,1
4,30.21,0.892,0.482,0.873,0.8,0.799,0.881,0,50,1
1,20.46,0.902,0.588,0.876,0.913,0.971,0.887,1,20,1
5,49.01,0.987,0.33,0.948,0.976,0.796,0.986,1,42,1
3,29.67,0.706,0.531,0.897,0.87,0.875,0.882,0,19,1
3,48.3,0.894,0.465,0.96,0.8,0.822,0.858,1,10,1
1,31.54,0.903,0.321,0.881,0.823,0.717,0.965,1,23,1
3,48.1,0.783,0.585,0.939,0.958,0.63,0.986,1,15,1
4,24.05,0.962,0.534,0.861,0.965,0.681,0.851,1,13,1
3,47.84,0.778,0.558,0.876,0.935,0.838,0.859,0,32,1
3,39.88,0.751,0.577,0.897,0.935,0.657,0.881,1,14,1
4,46.44,0.866,0.605,0.992,0.868,0.828,0.903,1,18,1
5,33.35,0.801,0.363,0.89,0.857,0.755,0.995,1,11,1
1,28.31,0.904,0.667,0.926,0.806,0.957,0.906,0,13,1
5,31.44,0.75,0.473,0.925,0.806,0.771,0.875,1,30,1
4,42.89,0.954,0.332,0.923,0.985,0.865,0.891,1,22,1
1,28.63,0.727,0.388,0.944,0.903,0.745,0.978,1,19,1
5,41.76,0.771,0.63,0.992,0.855,0.711,0.912,1,42,1
2,30.77,0.72,0.631,0.887,0.823,0.976,0.946,1,16,1
1,35.56,0.797,0.405,0.99,0.955,0.723,0.938,1,50,1
1,42.94,0.896,0.668,0.963,0.924,0.999,0.989,1,19,1
3,33.83,0.72,0.313,0.973,0.958,0.957,0.97,0,45,1
1,48.24,0.987,0.321,0.868,0.952,0.958,0.873,1,36,1
2,29.96,0.768,0.575,0.913,0.96,0.797,0.922,1,41,1
2,29.35,0.953,0.3,0.967,0.889,0.973,0.913,1,11,1
2,37.85,0.99,0.697,0.968,0.953,0.972,0.991,1,26,1
4,20.85,0.745,0.564,0.894,0.81,0.836,0.986,1,49,1
3,29.34,0.988,0.453,0.86,0.91,0.947,0.906,1,16,1
4,28.53,0.921,0.539,0.923,0.808,0.957,0.877,1,28,1
2,34.67,0.905,0.611,0.88,0.812,0.802,0.99,1,32,1
4,43.55,0.751,0.543,0.948,0.952,0.886,0.864,1,10,1
1,42.68,0.735,0.492,0.862,0.979,0.944,0.945,1,50,1
1,32.05,0.964,0.511,0.947,0.855,0.679,0.867,0,15,1
2,21.38,0.9,0.543,0.946,0.934,0.753,0.942,0,39,1
1,38.25,0.717,0.477,0.868,0.996,0.878,0.961,1,49,1
4,33.09,0.887,0.619,0.919,0.91,0.777,0.908,1,35,1
5,22.42,0.711,0.488,0.898,0.895,0.883,0.95,1,24,1
4,42.35,0.72,0.434,0.861,0.877,0.635,0.928,1,10,1
5,45.19,0.876,0.669,0.914,0.976,0.763,0.878,1,19,1
1,30.24,0.771,0.533,0.942,0.817,0.932,0.953,0,23,1
3,40.51,0.758,0.571,0.961,0.921,0.887,0.901,1,23,1
2,37.18,0.868,0.35,0.992,0.99,0.872,0.99,1,14,1
5,44.0,0.995,0.575,0.945,0.977,0.886,0.859,0,33,1
117,62.63,0.017,0.077,0.456,0.279,0.087,0.514,0,3,0
207,70.45,0.325,0.196,0.4,0.558,0.289,0.652,1,7,0
445,35.06,0.239,0.072,0.735,0.58,0.158,0.653,0,4,0
96,51.07,0.017,0.065,0.727,0.548,0.107,0.692,1,3,0
318,10.7,0.302,0.055,0.308,0.34,0.244,0.488,0,8,0
137,55.28,0.02,0.082,0.532,0.251,0.097,0.591,1,3,0
71,20.32,0.341,0.205,0.312,0.231,0.046,0.424,0,1,0
346,22.07,0.011,0.205,0.504,0.371,0.252,0.342,1,6,0
268,17.28,0.09,0.176,0.521,0.612,0.2,0.31,0,8,0
187,26.66,0.399,0.223,0.722,0.226,0.238,0.442,0,7,0
338,49.3,0.163,0.052,0.647,0.318,0.214,0.587,0,4,0
436,79.54,0.085,0.111,0.325,0.488,0.123,0.477,0,7,0
84,77.41,0.293,0.198,0.51,0.363,0.297,0.604,0,1,0
382,61.44,0.056,0.114,0.417,0.53,0.038,0.484,0,7,0
128,31.47,0.316,0.056,0.339,0.526,0.025,0.453,0,7,0
252,46.58,0.034,0.07,0.427,0.236,0.092,0.698,0,7,0
23,87.97,0.0,0.242,0.598,0.54,0.123,0.578,0,7,0
346,53.23,0.198,0.188,0.48,0.237,0.267,0.324,0,2,0
118,59.89,0.076,0.13,0.633,0.256,0.016,0.622,0,5,0
370,88.1,0.032,0.217,0.698,0.543,0.037,0.626,0,2,0
348,53.26,0.125,0.208,0.69,0.284,0.085,0.464,1,1,0
241,57.84,0.147,0.216,0.652,0.228,0.027,0.397,0,8,0
415,40.54,0.046,0.093,0.473,0.456,0.028,0.319,1,5,0
55,37.86,0.003,0.237,0.677,0.415,0.284,0.534,0,7,0
114,31.72,0.105,0.114,0.733,0.239,0.255,0.578,0,2,0
463,42.0,0.211,0.234,0.514,0.493,0.034,0.494,0,4,0
360,16.13,0.048,0.148,0.705,0.284,0.089,0.594,0,2,0
311,45.05,0.221,0.214,0.344,0.446,0.15,0.327,1,3,0
339,47.64,0.12,0.18,0.641,0.613,0.006,0.563,0,6,0
285,66.56,0.023,0.131,0.498,0.593,0.186,0.5,1,5,0
65,60.81,0.22,0.053,0.369,0.622,0.036,0.564,0,2,0
63,47.72,0.147,0.065,0.48,0.303,0.268,0.336,0,7,0
150,21.55,0.049,0.064,0.533,0.456,0.029,0.568,0,1,0
95,11.81,0.124,0.181,0.447,0.403,0.297,0.571,0,4,0
411,33.02,0.161,0.072,0.728,0.353,0.117,0.51,0,6,0
405,12.12,0.093,0.054,0.66,0.26,0.218,0.371,0,3,0
465,19.53,0.396,0.212,0.635,0.411,0.033,0.58,0,1,0
231,89.47,0.198,0.216,0.731,0.489,0.186,0.375,1,4,0
496,56.26,0.346,0.181,0.741,0.415,0.119,0.412,0,2,0
130,19.49,0.025,0.123,0.47,0.558,0.237,0.59,0,1,0
58,73.36,0.328,0.13,0.51,0.445,0.187,0.678,0,8,0
79,32.59,0.194,0.236,0.383,0.234,0.041,0.588,0,8,0
87,40.12,0.226,0.144,0.483,0.327,0.01,0.587,0,6,0
210,72.65,0.239,0.171,0.631,0.527,0.056,0.354,0,3,0
158,39.9,0.181,0.141,0.406,0.414,0.18,0.535,0,3,0
425,34.01,0.218,0.145,0.337,0.242,0.106,0.443,0,1,0
329,61.09,0.328,0.193,0.673,0.595,0.045,0.378,0,6,0
404,81.06,0.386,0.166,0.425,0.568,0.095,0.325,0,7,0
249,35.47,0.128,0.183,0.395,0.475,0.22,0.372,0,5,0
68,52.19,0.161,0.207,0.454,0.462,0.109,0.491,0,1,0
263,86.54,0.323,0.09,0.563,0.305,0.092,0.55,1,7,0
87,77.54,0.239,0.149,0.518,0.537,0.288,0.552,0,1,0
353,63.19,0.06,0.076,0.484,0.372,0.015,0.607,1,2,0
68,58.13,0.306,0.197,0.692,0.388,0.136,0.694,0,2,0
67,88.07,0.36,0.246,0.438,0.477,0.201,0.585,1,4,0
251,71.96,0.148,0.136,0.346,0.387,0.038,0.586,0,2,0
358,83.6,0.184,0.074,0.674,0.409,0.018,0.512,0,2,0
46,71.7,0.014,0.101,0.581,0.584,0.118,0.603,0,4,0
55,44.87,0.084,0.066,0.619,0.394,0.16,0.346,0,1,0
71,27.06,0.322,0.206,0.616,0.492,0.201,0.574,0,1,0
287,77.73,0.035,0.064,0.396,0.222,0.016,0.49,0,1,0
196,72.82,0.375,0.15,0.576,0.599,0.157,0.637,0,2,0
94,22.3,0.292,0.136,0.318,0.271,0.018,0.455,0,5,0
45,73.41,0.29,0.137,0.307,0.426,0.242,0.317,0,7,0
239,43.0,0.263,0.191,0.325,0.363,0.297,0.301,0,2,0
414,28.18,0.16,0.247,0.712,0.504,0.034,0.493,0,3,0
106,41.57,0.155,0.212,0.308,0.355,0.228,0.586,0,1,0
35,71.33,0.024,0.234,0.681,0.617,0.147,0.651,0,7,0
362,36.41,0.003,0.177,0.304,0.285,0.227,0.546,0,3,0
469,44.9,0.303,0.152,0.511,0.545,0.077,0.422,0,2,0
454,82.07,0.273,0.107,0.542,0.414,0.151,0.531,1,6,0
21,63.31,0.248,0.089,0.316,0.289,0.048,0.592,1,8,0
308,19.48,0.064,0.059,0.52,0.216,0.063,0.423,0,6,0
425,80.43,0.266,0.136,0.639,0.328,0.158,0.316,0,7,0
317,33.31,0.21,0.099,0.57,0.401,0.021,0.44,0,1,0
288,62.36,0.068,0.209,0.748,0.608,0.08,0.396,0,6,0
438,85.75,0.102,0.243,0.38,0.573,0.224,0.33,0,7,0
463,50.71,0.02,0.179,0.325,0.436,0.162,0.58,0,7,0
240,81.53,0.155,0.152,0.677,0.398,0.145,0.376,0,7,0
126,21.57,0.058,0.052,0.492,0.621,0.282,0.462,0,2,0
154,50.97,0.007,0.136,0.396,0.599,0.062,0.36,0,5,0
357,33.37,0.17,0.097,0.348,0.42,0.04,0.522,0,1,0
438,89.22,0.071,0.192,0.438,0.413,0.027,0.438,0,7,0
382,35.92,0.184,0.073,0.425,0.431,0.23,0.534,0,2,0
58,55.14,0.267,0.057,0.414,0.632,0.141,0.508,0,7,0
213,69.14,0.329,0.081,0.697,0.604,0.004,0.698,1,1,0
382,66.07,0.116,0.248,0.47,0.368,0.23,0.529,0,8,0
407,32.37,0.272,0.234,0.47,0.614,0.192,0.432,0,2,0
395,63.65,0.31,0.211,0.467,0.393,0.02,0.312,0,4,0
314,31.2,0.035,0.182,0.645,0.303,0.025,0.418,0,4,0
453,88.65,0.056,0.08,0.436,0.496,0.17,0.352,0,6,0
198,38.98,0.114,0.168,0.572,0.466,0.087,0.304,0,7,0
38,41.51,0.346,0.102,0.72,0.634,0.243,0.583,0,7,0
475,34.0,0.258,0.152,0.373,0.477,0.156,0.392,0,4,0
481,41.75,0.079,0.188,0.59,0.371,0.014,0.404,0,6,0
352,88.48,0.026,0.05,0.398,0.369,0.224,0.381,0,8,0
199,24.68,0.373,0.093,0.321,0.553,0.092,0.379,1,7,0
38,42.6,0.352,0.194,0.43,0.434,0.26,0.407,1,6,0
115,47.39,0.119,0.232,0.578,0.356,0.041,0.646,0,3,0
381,61.11,0.339,0.195,0.538,0.406,0.08,0.366,0,4,0
